<?xml version="1.0" encoding="iso-8859-1"?>
<mdc_configuration xmlns:xsi="http://www.w3.org/2001/XMLSchema-instance" xmlns="http://www.matrixxsw.com/XML_Schema/mdc_configuration" xsi:schemaLocation="http://www.matrixxsw.com/XML_Schema/mdc_configuration mdc_config.xsd">
    <!--
    #===============================================================================
    #
    # Copyright 2009-2021, MATRIXX Software, Inc. All rights reserved.
    #
    #===============================================================================
    #
    -->

    <container id="VisibleDevice">
        <key>-1</key>
        <created_schema_version>2</created_schema_version>
        <base_container id="2">MtxMobileDeviceObject</base_container>
        <field id="Imei">
            <created_schema_version>2</created_schema_version>
            <datatype>phone number</datatype>
        </field>
        <field id="imeisv">
            <created_schema_version>2</created_schema_version>
            <datatype>string</datatype>
        </field>
        <storage_size>large</storage_size>
    </container>

	<container id="VisibleSubscriber">
        <key>-3</key>
        <created_schema_version>2</created_schema_version>
        <base_container id="2">MtxSubscriberObject</base_container>
        <field id="PaymentDate">
            <created_schema_version>2</created_schema_version>
            <datatype>datetime</datatype>
        </field>
        <field id="PaymentPreference">
            <created_schema_version>2</created_schema_version>
            <datatype>string</datatype>
        </field>
        <field id="VlocityAccount">
            <created_schema_version>2</created_schema_version>
            <datatype>string</datatype>
        </field>
        <field id="GeoCode">
            <created_schema_version>2</created_schema_version>
            <datatype>string</datatype>
        </field>
        <field id="SubscriberPause">
            <created_schema_version>2</created_schema_version>
            <datatype>string</datatype>
        </field>
        <field id="PauseEndDate">
            <created_schema_version>2</created_schema_version>
            <datatype>string</datatype>
        </field>
        <field id="VlocityGUID">
            <created_schema_version>2</created_schema_version>
            <datatype>string</datatype>
        </field>
        <field id="homeBID">
            <created_schema_version>2</created_schema_version>
            <datatype>string</datatype>
        </field>
        <field id="PaymentRetry">
            <created_schema_version>2</created_schema_version>
            <datatype>string</datatype>
        </field>
        <field id="TerminateDate">
            <created_schema_version>2</created_schema_version>
            <datatype>string</datatype>
        </field>
        <field id="Brand">
            <created_schema_version>10</created_schema_version>
            <datatype>string</datatype>
        </field>
        <field id="PaymentReason">
            <created_schema_version>14</created_schema_version>
            <datatype>string</datatype>
        </field>
        <field id="RetailChannel">
            <created_schema_version>21</created_schema_version>
            <datatype>string</datatype>
        </field>
        <field id="Announcement">
            <created_schema_version>21</created_schema_version>
            <datatype>string</datatype>
        </field>
        <field id="CycleLength">
            <created_schema_version>21</created_schema_version>
            <datatype>string</datatype>
        </field>
        <field id="PayerKey">
            <created_schema_version>21</created_schema_version>
            <datatype>string</datatype>
        </field>
        <field id="BeneficiaryKeyList">
            <created_schema_version>21</created_schema_version>
            <datatype>string</datatype>
            <list>1</list>
        </field>
        <field id="PayerExternalId">
            <created_schema_version>21</created_schema_version>
            <datatype>string</datatype>
        </field>
        <storage_size>large</storage_size>
    </container>

    <container id="VisibleDiamRoMsg">
        <key>-4</key>
        <created_schema_version>2</created_schema_version>
        <base_container id="2">MtxDiamRoMsg</base_container>
        <field id="originationCCNumber">
            <created_schema_version>2</created_schema_version>
            <datatype>string</datatype>
        </field>
        <field id="originationCCName">
            <created_schema_version>2</created_schema_version>
            <datatype>string</datatype>
        </field>
        <field id="MccMncToUse">
            <created_schema_version>2</created_schema_version>
            <datatype>string</datatype>
        </field>
        <field id="originationCCRegion">
            <created_schema_version>2</created_schema_version>
            <datatype>string</datatype>
        </field>
        <field id="eNodeBIdToUse">
            <created_schema_version>2</created_schema_version>
            <datatype>string</datatype>
        </field>
        <field id="ServingBID">
            <created_schema_version>2</created_schema_version>
            <datatype>string</datatype>
        </field>
        <field id="HomeLegalEntityID">
            <created_schema_version>2</created_schema_version>
            <datatype>string</datatype>
        </field>
        <field id="HomeLegalEntity">
            <created_schema_version>2</created_schema_version>
            <datatype>string</datatype>
        </field>
        <field id="ServingLegalEntityID">
            <created_schema_version>2</created_schema_version>
            <datatype>string</datatype>
        </field>
        <field id="ServingLegalEntity">
            <created_schema_version>2</created_schema_version>
            <datatype>string</datatype>
        </field>
        <field id="LAC">
            <created_schema_version>2</created_schema_version>
            <datatype>string</datatype>
        </field>
        <field id="eNodeBIdHex">
            <created_schema_version>2</created_schema_version>
            <datatype>string</datatype>
        </field>
        <field id="OrigDestinationHost">
            <created_schema_version>2</created_schema_version>
            <datatype>string</datatype>
        </field>
        <storage_size>large</storage_size>
    </container>

    <container id="VisibleUsageEvent">
        <key>-5</key>
        <created_schema_version>2</created_schema_version>
        <base_container id="2">MtxUsageEvent</base_container>
        <storage_size>large</storage_size>
    </container>

    <container id="VisibleDataEvent">
        <key>-6</key>
        <created_schema_version>2</created_schema_version>
        <base_container id="2">VisibleUsageEvent</base_container>
        <field id="eNodeBIdToUse">
            <created_schema_version>2</created_schema_version>
            <datatype>string</datatype>
        </field>
        <field id="homeBID">
            <created_schema_version>2</created_schema_version>
            <datatype>string</datatype>
        </field>
        <field id="ccRequestType">
            <created_schema_version>3</created_schema_version>
            <datatype>unsigned int32</datatype>
        </field>
        <field id="ccRequestNumber">
            <created_schema_version>3</created_schema_version>
            <datatype>unsigned int32</datatype>
        </field>
        <field id="Imei">
            <created_schema_version>3</created_schema_version>
            <datatype>string</datatype>
        </field>
        <field id="UploadQuantity">
            <created_schema_version>8</created_schema_version>
            <datatype>decimal</datatype>
        </field>
        <field id="DownloadQuantity">
            <created_schema_version>8</created_schema_version>
            <datatype>decimal</datatype>
        </field>
        <field id="RATType">
            <created_schema_version>8</created_schema_version>
            <datatype>unsigned int32</datatype>
        </field>
        <field id="TerminationReason">
            <created_schema_version>8</created_schema_version>
            <datatype>unsigned int32</datatype>
        </field>
        <field id="Imsi">
            <created_schema_version>8</created_schema_version>
            <datatype>phone number</datatype>
        </field>
        <field id="InitiatorMDN">
            <created_schema_version>8</created_schema_version>
            <datatype>string</datatype>
        </field>
        <storage_size>large</storage_size>
    </container>

    <container id="VisiblePurchasedOffer">
        <key>-12</key>
        <created_schema_version>2</created_schema_version>
        <base_container id="2">MtxPurchasedOffer</base_container>
        <field id="OrderId">
            <created_schema_version>2</created_schema_version>
            <datatype>string</datatype>
        </field>
        <field id="ChargeAmount">
            <created_schema_version>2</created_schema_version>
            <datatype>decimal</datatype>
        </field>
        <field id="DeviceDetails">
            <created_schema_version>2</created_schema_version>
            <datatype>string</datatype>
        </field>
        <field id="TaxDetails">
            <created_schema_version>2</created_schema_version>
            <datatype>string</datatype>
        </field>
        <field id="dpcGroup">
            <created_schema_version>2</created_schema_version>
            <datatype>string</datatype>
        </field>
        <field id="dpcItemList">
            <created_schema_version>2</created_schema_version>
            <datatype>string</datatype>
        </field>
        <field id="cP">
            <created_schema_version>2</created_schema_version>
            <datatype>string</datatype>
        </field>
        <field id="Sku">
            <created_schema_version>2</created_schema_version>
            <datatype>string</datatype>
        </field>
        <field id="ChargeId">
            <created_schema_version>2</created_schema_version>
            <datatype>string</datatype>
        </field>
        <field id="Info">
            <created_schema_version>2</created_schema_version>
            <datatype>string</datatype>
        </field>
        <field id="GoodType">
            <created_schema_version>2</created_schema_version>
            <datatype>string</datatype>
        </field>
        <field id="TaxDetailsForCredit">
            <created_schema_version>7</created_schema_version>
            <datatype>string</datatype>
        </field>
        <field id="CreditReason">
            <created_schema_version>7</created_schema_version>
            <datatype>string</datatype>
        </field>
        <field id="CreditTaxDetailsArray">
            <created_schema_version>10</created_schema_version>
            <datatype>string</datatype>
            <array>1</array>
        </field>
        <field id="GroupMemberCount">
            <created_schema_version>10</created_schema_version>
            <datatype>unsigned int32</datatype>
        </field>
        <field id="ServicePaymentDate">
            <created_schema_version>13</created_schema_version>
            <datatype>string</datatype>
        </field>
        <field id="ParentOrderId">
            <created_schema_version>15</created_schema_version>
            <datatype>string</datatype>
        </field>
        <field id="LoanId">
            <created_schema_version>15</created_schema_version>
            <datatype>string</datatype>
        </field>
        <field id="POSLocationCode">
            <created_schema_version>15</created_schema_version>
            <datatype>string</datatype>
        </field>
        <field id="DeviceAttr1">
            <created_schema_version>15</created_schema_version>
            <datatype>string</datatype>
        </field>
        <field id="DeviceAttr2">
            <created_schema_version>15</created_schema_version>
            <datatype>string</datatype>
        </field>
        <field id="PaidCycleStartDate">
            <created_schema_version>16</created_schema_version>
            <datatype>date</datatype>
        </field>
        <field id="OfferType">
            <created_schema_version>19</created_schema_version>
            <datatype>string</datatype>
        </field>
        <field id="RedeemGoodType">
            <created_schema_version>19</created_schema_version>
            <datatype>string</datatype>
        </field>
        <field id="PromotionName">
            <created_schema_version>19</created_schema_version>
            <datatype>string</datatype>
        </field>
        <field id="PromotionLimit">
            <created_schema_version>19</created_schema_version>
            <datatype>decimal</datatype>
        </field>
        <field id="PromotionPriority">
            <created_schema_version>19</created_schema_version>
            <datatype>string</datatype>
        </field>
        <field id="ClassCode">
            <created_schema_version>19</created_schema_version>
            <datatype>string</datatype>
        </field>
        <field id="MinimumCharge">
            <created_schema_version>19</created_schema_version>
            <datatype>decimal</datatype>
        </field>
        <field id="CreditGrantType">
            <created_schema_version>19</created_schema_version>
            <datatype>string</datatype>
        </field>
        <field id="DiscountCalculationMethod">
            <created_schema_version>19</created_schema_version>
            <datatype>string</datatype>
        </field>
        <field id="ApplicableOfferName">
            <created_schema_version>19</created_schema_version>
            <datatype>string</datatype>
        </field>
        <field id="RedeemOffer">
            <created_schema_version>19</created_schema_version>
            <datatype>string</datatype>
        </field>
        <field id="IncompatiblePromotions">
            <created_schema_version>19</created_schema_version>
            <datatype>string</datatype>
        </field>
        <field id="ConsumableBalanceName">
            <created_schema_version>19</created_schema_version>
            <datatype>string</datatype>
        </field>
        <field id="PromotionIsTaxable">
            <created_schema_version>19</created_schema_version>
            <datatype>string</datatype>
        </field>
        <field id="CreditIncludeFlagName">
            <created_schema_version>19</created_schema_version>
            <datatype>string</datatype>
        </field>
        <field id="CreditIncludeFlagValues">
            <created_schema_version>19</created_schema_version>
            <datatype>string</datatype>
        </field>
        <field id="TaxResponseUnchanged">
            <created_schema_version>20</created_schema_version>
            <datatype>string</datatype>
        </field>
        <field id="GroupName">
            <created_schema_version>20</created_schema_version>
            <datatype>string</datatype>
        </field>
        <field id="GroupTier">
            <created_schema_version>20</created_schema_version>
            <datatype>string</datatype>
        </field>
        <field id="Brand">
            <created_schema_version>20</created_schema_version>
            <datatype>string</datatype>
        </field>
        <field id="RechargeOrderId">
            <created_schema_version>21</created_schema_version>
            <datatype>string</datatype>
        </field>
        <field id="Channel">
            <created_schema_version>21</created_schema_version>
            <datatype>string</datatype>
        </field>
        <field id="Duration">
            <created_schema_version>21</created_schema_version>
            <datatype>string</datatype>
        </field>
        <field id="CoreBasePlanCI">
            <created_schema_version>21</created_schema_version>
            <datatype>string</datatype>
        </field>
        <field id="PurchaseServiceType">
            <created_schema_version>21</created_schema_version>
            <datatype>string</datatype>
        </field>
        <field id="RatePlan">
            <created_schema_version>21</created_schema_version>
            <datatype>string</datatype>
        </field>
        <field id="OfferChangeType">
            <created_schema_version>21</created_schema_version>
            <datatype>string</datatype>
        </field>
        <field id="PlanID">
            <created_schema_version>21</created_schema_version>
            <datatype>string</datatype>
        </field>
        <field id="BeneficiaryExternalId">
            <created_schema_version>21</created_schema_version>
            <datatype>string</datatype>
        </field>
        <storage_size>large</storage_size>
    </container>

    <container id="VisibleProductOffer">
        <key>-13</key>
        <created_schema_version>2</created_schema_version>
        <base_container id="2">MtxProductOfferExtension</base_container>
        <field id="dpcGroup">
            <created_schema_version>2</created_schema_version>
            <datatype>string</datatype>
        </field>
        <field id="dpcItemList">
            <created_schema_version>2</created_schema_version>
            <datatype>string</datatype>
        </field>
        <field id="cP">
            <created_schema_version>2</created_schema_version>
            <datatype>string</datatype>
        </field>
        <field id="PlanID">
            <created_schema_version>21</created_schema_version>
            <datatype>string</datatype>
        </field>        
        <storage_size>large</storage_size>
    </container>

    <container id="VisibleProductBundle">
        <key>-14</key>
        <created_schema_version>2</created_schema_version>
        <base_container id="2">MtxBundleExtension</base_container>
        <field id="dpcGroup">
            <created_schema_version>2</created_schema_version>
            <datatype>string</datatype>
        </field>
        <field id="dpcItemList">
            <created_schema_version>2</created_schema_version>
            <datatype>string</datatype>
        </field>
        <field id="cP">
            <created_schema_version>2</created_schema_version>
            <datatype>string</datatype>
        </field>
        <storage_size>large</storage_size>
    </container>

    <container id="VisibleRecurringEvent">
        <key>-15</key>
        <created_schema_version>2</created_schema_version>
        <base_container id="2">MtxRecurringEvent</base_container>
        <field id="TaxDetails">
            <created_schema_version>2</created_schema_version>
            <datatype>string</datatype>
        </field>
        <storage_size>large</storage_size>
    </container>

    <container id="VisibleVoiceEvent">
        <key>-16</key>
        <created_schema_version>3</created_schema_version>
        <base_container id="3">MtxVoiceEvent</base_container>
        <field id="eNodeBIdToUse">
            <created_schema_version>3</created_schema_version>
            <datatype>string</datatype>
        </field>
        <field id="homeBID">
            <created_schema_version>3</created_schema_version>
            <datatype>string</datatype>
        </field>
        <field id="CalledPartyAddress">
            <created_schema_version>3</created_schema_version>
            <datatype>string</datatype>
        </field>
        <field id="originationCCName">
            <created_schema_version>3</created_schema_version>
            <datatype>string</datatype>
        </field>
        <field id="MccMncToUse">
            <created_schema_version>3</created_schema_version>
            <datatype>string</datatype>
        </field>
        <field id="eNodeBIdHex">
            <created_schema_version>3</created_schema_version>
            <datatype>string</datatype>
        </field>
        <field id="ccRequestType">
            <created_schema_version>3</created_schema_version>
            <datatype>unsigned int32</datatype>
        </field>
        <field id="ccRequestNumber">
            <created_schema_version>3</created_schema_version>
            <datatype>unsigned int32</datatype>
        </field>
        <field id="CallingPartyAddress">
            <created_schema_version>5</created_schema_version>
            <datatype>string</datatype>
            <list>1</list>
        </field>
        <field id="CallDirection">
            <created_schema_version>8</created_schema_version>
            <datatype>unsigned int32</datatype>
        </field>
        <field id="CallType">
            <created_schema_version>8</created_schema_version>
            <datatype>unsigned int32</datatype>
        </field>
        <field id="TerminationReason">
            <created_schema_version>8</created_schema_version>
            <datatype>unsigned int32</datatype>
        </field>
        <field id="RATType">
            <created_schema_version>8</created_schema_version>
            <datatype>string</datatype>
        </field>
        <field id="Imei">
            <created_schema_version>8</created_schema_version>
            <datatype>string</datatype>
        </field>
        <field id="Imsi">
            <created_schema_version>8</created_schema_version>
            <datatype>phone number</datatype>
        </field>
        <storage_size>large</storage_size>
    </container>

    <container id="VisibleTextEvent">
        <key>-17</key>
        <created_schema_version>3</created_schema_version>
        <base_container id="3">VisibleVoiceEvent</base_container>
        <storage_size>large</storage_size>
    </container>

    <container id="VisibleMmsEvent">
        <key>-18</key>
        <created_schema_version>3</created_schema_version>
        <base_container id="3">VisibleVoiceEvent</base_container>
        <storage_size>large</storage_size>
    </container>

    <container id="VisibleBraintreeChargeMethodExtension">
        <key>-19</key>
        <created_schema_version>4</created_schema_version>
        <base_container id="4">MtxBraintreeChargeMethodExtension</base_container>
        <field id="TransactionType">
            <created_schema_version>4</created_schema_version>
            <datatype>string</datatype>
        </field>
        <field id="VisibleRecurringOverride">
            <created_schema_version>4</created_schema_version>
            <datatype>bool</datatype>
        </field>
        <field id="SiteId">
            <created_schema_version>11</created_schema_version>
            <datatype>string</datatype>
        </field>
        <field id="DeviceType">
            <created_schema_version>15</created_schema_version>
            <datatype>string</datatype>
        </field>
        <field id="Wearable">
            <created_schema_version>15</created_schema_version>
            <datatype>string</datatype>
        </field>
        <field id="FraudLineType">
            <created_schema_version>15</created_schema_version>
            <datatype>string</datatype>
        </field>
        <storage_size>large</storage_size>
    </container>

    <container id="VisibleChargingSessionExtension">
        <key>-20</key>
        <created_schema_version>8</created_schema_version>
        <base_container id="8">MtxChargingSessionExtension</base_container>
        <field id="DataSessionImei">
            <created_schema_version>8</created_schema_version>
            <datatype>string</datatype>
        </field>
        <storage_size>large</storage_size>
    </container>

    <container id="VisibleDiamSmsInfoData">
        <key>-21</key>
        <created_schema_version>12</created_schema_version>
        <base_container id="12">MtxDiamSmsInfoData</base_container>
        <field id="SmsTrajInfo">
            <created_schema_version>12</created_schema_version>
            <datatype>struct</datatype>
            <struct_id>VisibleSmsTrajInfo</struct_id>
        </field>
        <field id="SmsTimeSub">
            <created_schema_version>12</created_schema_version>
            <datatype>datetime</datatype>
        </field>
        <field id="SmsOrigInfo">
            <created_schema_version>12</created_schema_version>
            <datatype>struct</datatype>
            <struct_id>VisibleSmsOrigInfo</struct_id>
        </field>
        <field id="SmsRecInfo">
            <created_schema_version>12</created_schema_version>
            <datatype>struct</datatype>
            <struct_id>VisibleSmsRecInfo</struct_id>
        </field>
        <storage_size>large</storage_size>
    </container>

    <container id="VisibleSmsTrajInfo">
        <key>-22</key>
        <created_schema_version>12</created_schema_version>
        <field id="SmsTrajType">
            <created_schema_version>12</created_schema_version>
            <datatype>unsigned int32</datatype>
        </field>
        <field id="SmsTrajMsgId">
            <created_schema_version>12</created_schema_version>
            <datatype>string</datatype>
        </field>
        <storage_size>large</storage_size>
    </container>

    <container id="VisibleSmsOrigInfo">
        <key>-23</key>
        <created_schema_version>12</created_schema_version>
        <field id="SubscriptionIdList">
            <created_schema_version>12</created_schema_version>
            <datatype>struct</datatype>
            <list>1</list>
            <struct_id>MtxSubscriberIdData</struct_id>
        </field>
        <field id="SmsNetInfo">
            <created_schema_version>12</created_schema_version>
            <datatype>struct</datatype>
            <struct_id>VisibleSmsNetInfo</struct_id>
        </field>
        <field id="MavenirMscAddress">
            <created_schema_version>12</created_schema_version>
            <datatype>string</datatype>
        </field>
        <storage_size>large</storage_size>
    </container>

    <container id="VisibleSmsRecInfo">
        <key>-24</key>
        <created_schema_version>12</created_schema_version>
        <field id="SubscriptionIdList">
            <created_schema_version>12</created_schema_version>
            <datatype>struct</datatype>
            <list>1</list>
            <struct_id>MtxSubscriberIdData</struct_id>
        </field>
        <field id="SmsNetInfo">
            <created_schema_version>12</created_schema_version>
            <datatype>struct</datatype>
            <struct_id>VisibleSmsNetInfo</struct_id>
        </field>
        <field id="MavenirMscAddress">
            <created_schema_version>12</created_schema_version>
            <datatype>string</datatype>
        </field>
        <storage_size>large</storage_size>
    </container>

    <container id="VisibleSmsNetInfo">
        <key>-25</key>
        <created_schema_version>12</created_schema_version>
        <field id="SmsNetTech">
            <created_schema_version>12</created_schema_version>
            <datatype>unsigned int32</datatype>
        </field>
        <storage_size>large</storage_size>
    </container>

    <container id="VisibleRechargeExtension">
        <key>-26</key>
        <created_schema_version>12</created_schema_version>
        <base_container id="12">MtxRechargeExtension</base_container>
        <field id="OrderId">
            <created_schema_version>12</created_schema_version>
            <datatype>string</datatype>
        </field>
        <field id="RatePlan">
            <created_schema_version>21</created_schema_version>
            <datatype>string</datatype>
        </field>
        <field id="PlanAmount">
            <created_schema_version>21</created_schema_version>
            <datatype>string</datatype>
        </field>
        <field id="ServiceMDN">
            <created_schema_version>21</created_schema_version>
            <datatype>string</datatype>
        </field>
        <field id="WearableMDN">
            <created_schema_version>21</created_schema_version>
            <datatype>string</datatype>
        </field>
        <field id="WearableRatePlan">
            <created_schema_version>21</created_schema_version>
            <datatype>string</datatype>
        </field>
        <field id="WearablePlanAmount">
            <created_schema_version>21</created_schema_version>
            <datatype>string</datatype>
        </field>
        <field id="VisibleServiceInfoArray">
            <created_schema_version>21</created_schema_version>
            <datatype>struct</datatype>
            <array>1</array>
            <struct_id>VisibleServiceDetails</struct_id>
        </field>
        <field id="GiftTaxDetails">
            <created_schema_version>21</created_schema_version>
            <datatype>string</datatype>
        </field>
        <field id="GiftCreditTaxDetails">
            <created_schema_version>21</created_schema_version>
            <datatype>string</datatype>
        </field>
        <field id="TaxDetailsArray">
            <created_schema_version>21</created_schema_version>
            <datatype>string</datatype>
        </field>
        <field id="PayerFirstName">
            <created_schema_version>21</created_schema_version>
            <datatype>string</datatype>
        </field>
        <field id="PayerLastName">
            <created_schema_version>21</created_schema_version>
            <datatype>string</datatype>
        </field>
        <field id="PayerMDN">
            <created_schema_version>21</created_schema_version>
            <datatype>string</datatype>
        </field>
        <field id="BeneficiaryFirstName">
            <created_schema_version>21</created_schema_version>
            <datatype>string</datatype>
        </field>
        <field id="BeneficiaryLastName">
            <created_schema_version>21</created_schema_version>
            <datatype>string</datatype>
        </field>
        <field id="BeneficiaryExternalId">
            <created_schema_version>21</created_schema_version>
            <datatype>string</datatype>
        </field>
        <storage_size>large</storage_size>
    </container>

    <container id="VisibleDeviceExtension">
        <key>-62</key>
        <created_schema_version>2</created_schema_version>
        <base_container id="2">MtxMobileDeviceExtension</base_container>
        <field id="Imei">
            <created_schema_version>2</created_schema_version>
            <datatype>phone number</datatype>
        </field>
        <field id="imeisv">
            <created_schema_version>2</created_schema_version>
            <datatype>string</datatype>
        </field>
        <field id="DeviceType">
            <created_schema_version>15</created_schema_version>
            <datatype>string</datatype>
        </field>
        <storage_size>large</storage_size>
    </container>

	<container id="VisibleSubscriberExtension">
        <key>-61</key>
        <created_schema_version>2</created_schema_version>
        <base_container id="2">MtxSubscriberExtension</base_container>
        <field id="PaymentDate">
            <created_schema_version>2</created_schema_version>
            <datatype>datetime</datatype>
        </field>
        <field id="PaymentPreference">
            <created_schema_version>2</created_schema_version>
            <datatype>string</datatype>
        </field>
        <field id="VlocityAccount">
            <created_schema_version>2</created_schema_version>
            <datatype>string</datatype>
        </field>
        <field id="GeoCode">
            <created_schema_version>2</created_schema_version>
            <datatype>string</datatype>
        </field>
        <field id="SubscriberPause">
            <created_schema_version>2</created_schema_version>
            <datatype>string</datatype>
        </field>
        <field id="PauseEndDate">
            <created_schema_version>2</created_schema_version>
            <datatype>string</datatype>
        </field>
        <field id="VlocityGUID">
            <created_schema_version>2</created_schema_version>
            <datatype>string</datatype>
        </field>
        <field id="homeBID">
            <created_schema_version>2</created_schema_version>
            <datatype>string</datatype>
        </field>
        <field id="PaymentRetry">
            <created_schema_version>2</created_schema_version>
            <datatype>string</datatype>
        </field>
        <field id="TerminateDate">
            <created_schema_version>2</created_schema_version>
            <datatype>string</datatype>
        </field>
        <field id="Brand">
            <created_schema_version>10</created_schema_version>
            <datatype>string</datatype>
        </field>
        <field id="PaymentReason">
            <created_schema_version>14</created_schema_version>
            <datatype>string</datatype>
        </field>
        <field id="RetailChannel">
            <created_schema_version>21</created_schema_version>
            <datatype>string</datatype>
        </field>
        <field id="Announcement">
            <created_schema_version>21</created_schema_version>
            <datatype>string</datatype>
        </field>
        <field id="CycleLength">
            <created_schema_version>21</created_schema_version>
            <datatype>string</datatype>
        </field>
        <field id="PayerKey">
            <created_schema_version>21</created_schema_version>
            <datatype>string</datatype>
        </field>
        <field id="BeneficiaryKeyList">
            <created_schema_version>21</created_schema_version>
            <datatype>string</datatype>
            <list>1</list>
        </field>
        <field id="PayerExternalId">
            <created_schema_version>21</created_schema_version>
            <datatype>string</datatype>
        </field>
        <storage_size>large</storage_size>
    </container>

    <container id="VisiblePurchasedOfferExtension">
        <key>-60</key>
        <created_schema_version>2</created_schema_version>
        <base_container id="2">MtxPurchasedOfferExtension</base_container>
        <field id="OrderId">
            <created_schema_version>2</created_schema_version>
            <datatype>string</datatype>
        </field>
        <field id="ChargeAmount">
            <created_schema_version>2</created_schema_version>
            <datatype>decimal</datatype>
        </field>
        <field id="DeviceDetails">
            <created_schema_version>2</created_schema_version>
            <datatype>string</datatype>
        </field>
        <field id="TaxDetails">
            <created_schema_version>2</created_schema_version>
            <datatype>string</datatype>
        </field>
        <field id="dpcGroup">
            <created_schema_version>2</created_schema_version>
            <datatype>string</datatype>
        </field>
        <field id="dpcItemList">
            <created_schema_version>2</created_schema_version>
            <datatype>string</datatype>
        </field>
        <field id="cP">
            <created_schema_version>2</created_schema_version>
            <datatype>string</datatype>
        </field>
        <field id="Sku">
            <created_schema_version>2</created_schema_version>
            <datatype>string</datatype>
        </field>
        <field id="ChargeId">
            <created_schema_version>2</created_schema_version>
            <datatype>string</datatype>
        </field>
        <field id="Info">
            <created_schema_version>2</created_schema_version>
            <datatype>string</datatype>
        </field>
        <field id="GoodType">
            <created_schema_version>2</created_schema_version>
            <datatype>string</datatype>
        </field>
        <field id="TaxDetailsForCredit">
            <created_schema_version>7</created_schema_version>
            <datatype>string</datatype>
        </field>
        <field id="CreditReason">
            <created_schema_version>7</created_schema_version>
            <datatype>string</datatype>
        </field>
        <field id="CreditTaxDetailsArray">
            <created_schema_version>10</created_schema_version>
            <datatype>string</datatype>
            <array>1</array>
        </field>
        <field id="GroupMemberCount">
            <created_schema_version>10</created_schema_version>
            <datatype>unsigned int32</datatype>
        </field>
        <field id="ServicePaymentDate">
            <created_schema_version>13</created_schema_version>
            <datatype>string</datatype>
        </field>
        <field id="ParentOrderId">
            <created_schema_version>15</created_schema_version>
            <datatype>string</datatype>
        </field>
        <field id="LoanId">
            <created_schema_version>15</created_schema_version>
            <datatype>string</datatype>
        </field>
        <field id="POSLocationCode">
            <created_schema_version>15</created_schema_version>
            <datatype>string</datatype>
        </field>
        <field id="DeviceAttr1">
            <created_schema_version>15</created_schema_version>
            <datatype>string</datatype>
        </field>
        <field id="DeviceAttr2">
            <created_schema_version>15</created_schema_version>
            <datatype>string</datatype>
        </field>
        <field id="PaidCycleStartDate">
            <created_schema_version>16</created_schema_version>
            <datatype>date</datatype>
        </field>
        <field id="OfferType">
            <created_schema_version>19</created_schema_version>
            <datatype>string</datatype>
        </field>
        <field id="RedeemGoodType">
            <created_schema_version>19</created_schema_version>
            <datatype>string</datatype>
        </field>
        <field id="PromotionName">
            <created_schema_version>19</created_schema_version>
            <datatype>string</datatype>
        </field>
        <field id="PromotionLimit">
            <created_schema_version>19</created_schema_version>
            <datatype>decimal</datatype>
        </field>
        <field id="PromotionPriority">
            <created_schema_version>19</created_schema_version>
            <datatype>string</datatype>
        </field>
        <field id="ClassCode">
            <created_schema_version>19</created_schema_version>
            <datatype>string</datatype>
        </field>
        <field id="MinimumCharge">
            <created_schema_version>19</created_schema_version>
            <datatype>decimal</datatype>
        </field>
        <field id="CreditGrantType">
            <created_schema_version>19</created_schema_version>
            <datatype>string</datatype>
        </field>
        <field id="DiscountCalculationMethod">
            <created_schema_version>19</created_schema_version>
            <datatype>string</datatype>
        </field>
        <field id="ApplicableOfferName">
            <created_schema_version>19</created_schema_version>
            <datatype>string</datatype>
        </field>
        <field id="RedeemOffer">
            <created_schema_version>19</created_schema_version>
            <datatype>string</datatype>
        </field>
        <field id="IncompatiblePromotions">
            <created_schema_version>19</created_schema_version>
            <datatype>string</datatype>
        </field>
        <field id="ConsumableBalanceName">
            <created_schema_version>19</created_schema_version>
            <datatype>string</datatype>
        </field>
        <field id="PromotionIsTaxable">
            <created_schema_version>19</created_schema_version>
            <datatype>string</datatype>
        </field>
        <field id="CreditIncludeFlagName">
            <created_schema_version>19</created_schema_version>
            <datatype>string</datatype>
        </field>
        <field id="CreditIncludeFlagValues">
            <created_schema_version>19</created_schema_version>
            <datatype>string</datatype>
        </field>
        <field id="TaxResponseUnchanged">
            <created_schema_version>20</created_schema_version>
            <datatype>string</datatype>
        </field>
        <field id="GroupName">
            <created_schema_version>20</created_schema_version>
            <datatype>string</datatype>
        </field>
        <field id="GroupTier">
            <created_schema_version>20</created_schema_version>
            <datatype>string</datatype>
        </field>
        <field id="Brand">
            <created_schema_version>20</created_schema_version>
            <datatype>string</datatype>
        </field>
        <field id="RechargeOrderId">
            <created_schema_version>21</created_schema_version>
            <datatype>string</datatype>
        </field>
        <field id="Channel">
            <created_schema_version>21</created_schema_version>
            <datatype>string</datatype>
        </field>
        <field id="Duration">
            <created_schema_version>21</created_schema_version>
            <datatype>string</datatype>
        </field>
        <field id="CoreBasePlanCI">
            <created_schema_version>21</created_schema_version>
            <datatype>string</datatype>
        </field>
        <field id="PurchaseServiceType">
            <created_schema_version>21</created_schema_version>
            <datatype>string</datatype>
        </field>
        <field id="RatePlan">
            <created_schema_version>21</created_schema_version>
            <datatype>string</datatype>
        </field>
        <field id="OfferChangeType">
            <created_schema_version>21</created_schema_version>
            <datatype>string</datatype>
        </field>
        <field id="PlanID">
            <created_schema_version>21</created_schema_version>
            <datatype>string</datatype>
        </field>
        <field id="BeneficiaryExternalId">
            <created_schema_version>21</created_schema_version>
            <datatype>string</datatype>
        </field>
        <storage_size>large</storage_size>
    </container>

    <container id="VisibleApiEventData">
        <key>-29</key>
        <created_schema_version>2</created_schema_version>
        <base_container id="2">MtxApiEventDataExtension</base_container>
        <field id="OrderId">
            <created_schema_version>15</created_schema_version>
            <datatype>string</datatype>
        </field>
        <field id="RefereeMDN">
            <created_schema_version>21</created_schema_version>
            <datatype>string</datatype>
        </field>
        <field id="RefereeEMail">
            <created_schema_version>21</created_schema_version>
            <datatype>string</datatype>
        </field>
        <field id="RefereeName">
            <created_schema_version>21</created_schema_version>
            <datatype>string</datatype>
        </field>
        <field id="RefereeGlobalId">
            <created_schema_version>21</created_schema_version>
            <datatype>string</datatype>
        </field>
        <field id="ReferrerMDN">
            <created_schema_version>21</created_schema_version>
            <datatype>string</datatype>
        </field>
        <field id="ReferrerGlobalId">
            <created_schema_version>21</created_schema_version>
            <datatype>string</datatype>
        </field>
        <field id="GifterGlobalKey">
            <created_schema_version>21</created_schema_version>
            <datatype>string</datatype>
        </field>
        <field id="GifteeEmail">
            <created_schema_version>21</created_schema_version>
            <datatype>string</datatype>
        </field>
        <field id="AnnualUpgradeCycleEndDate">
            <created_schema_version>21</created_schema_version>
            <datatype>string</datatype>
        </field>
        <storage_size>large</storage_size>
    </container>

    <container id="VisibleTemplate">
        <key>-30</key>
        <created_schema_version>17</created_schema_version>
        <base_container id="17">MtxTemplateAttr</base_container>
        <field id="OfferType">
            <created_schema_version>17</created_schema_version>
            <datatype>string</datatype>
        </field>
        <field id="RedeemGoodType">
            <created_schema_version>17</created_schema_version>
            <datatype>string</datatype>
        </field>
        <field id="PromotionName">
            <created_schema_version>17</created_schema_version>
            <datatype>string</datatype>
        </field>
        <field id="PromotionLimit">
            <created_schema_version>17</created_schema_version>
            <datatype>decimal</datatype>
        </field>
        <field id="PromotionPriority">
            <created_schema_version>17</created_schema_version>
            <datatype>unsigned int32</datatype>
        </field>
        <field id="ClassCode">
            <created_schema_version>17</created_schema_version>
            <datatype>string</datatype>
        </field>
        <field id="MinimumCharge">
            <created_schema_version>17</created_schema_version>
            <datatype>decimal</datatype>
        </field>
        <field id="CreditGrantType">
            <created_schema_version>17</created_schema_version>
            <datatype>string</datatype>
        </field>
        <field id="DiscountCalculationMethod">
            <created_schema_version>17</created_schema_version>
            <datatype>string</datatype>
        </field>
        <field id="ApplicableOfferName">
            <created_schema_version>17</created_schema_version>
            <datatype>string</datatype>
        </field>
        <field id="RedeemOffer">
            <created_schema_version>17</created_schema_version>
            <datatype>string</datatype>
        </field>
        <field id="IncompatiblePromotions">
            <created_schema_version>17</created_schema_version>
            <datatype>string</datatype>
        </field>
        <field id="ConsumableBalanceName">
            <created_schema_version>18</created_schema_version>
            <datatype>string</datatype>
        </field>
        <field id="PromotionIsTaxable">
            <created_schema_version>18</created_schema_version>
            <datatype>string</datatype>
        </field>
        <field id="CreditIncludeFlagName">
            <created_schema_version>19</created_schema_version>
            <datatype>string</datatype>
        </field>
        <field id="CreditIncludeFlagValues">
            <created_schema_version>19</created_schema_version>
            <datatype>string</datatype>
        </field>
        <field id="TaxResponseUnchanged">
            <created_schema_version>20</created_schema_version>
            <datatype>string</datatype>
        </field>
        <field id="IgnoreTax_ForPayableAmount">
            <created_schema_version>20</created_schema_version>
            <datatype>string</datatype>
        </field>
        <field id="CoreBasePlanCI">
            <created_schema_version>21</created_schema_version>
            <datatype>string</datatype>
        </field>
        <field id="GoodType">
            <created_schema_version>21</created_schema_version>
            <datatype>string</datatype>
        </field>
        <field id="CreditIncludeAttributeValues">
            <created_schema_version>21</created_schema_version>
            <datatype>string</datatype>
            <list>1</list>
        </field>
        <storage_size>large</storage_size>
    </container>

    <container id="VisibleServiceDetails">
        <key>-32</key>
        <created_schema_version>21</created_schema_version>
        <field id="ServiceNameCurrent">
            <created_schema_version>21</created_schema_version>
            <datatype>string</datatype>
        </field>
        <field id="ServiceNameNew">
            <created_schema_version>21</created_schema_version>
            <datatype>string</datatype>
        </field>
        <field id="ServiceMDN">
            <created_schema_version>21</created_schema_version>
            <datatype>string</datatype>
        </field>
        <field id="ServiceType">
            <created_schema_version>21</created_schema_version>
            <datatype>string</datatype>
        </field>
        <field id="ServiceChargeType">
            <created_schema_version>21</created_schema_version>
            <datatype>string</datatype>
        </field>
        <field id="ServiceChargeAmount">
            <created_schema_version>21</created_schema_version>
            <datatype>string</datatype>
        </field>
        <field id="ServiceStartDate">
            <created_schema_version>21</created_schema_version>
            <datatype>string</datatype>
        </field>
        <field id="ServiceEndDate">
            <created_schema_version>21</created_schema_version>
            <datatype>string</datatype>
        </field>
        <field id="ChangeServiceTaxDetails">
            <created_schema_version>21</created_schema_version>
            <datatype>string</datatype>
        </field>
        <field id="ChangeServiceReason">
            <created_schema_version>21</created_schema_version>
            <datatype>string</datatype>
        </field>
        <storage_size>large</storage_size>
    </container>

    <container id="VisibleCAGroup">
        <key>-33</key>
        <created_schema_version>21</created_schema_version>
        <base_container id="21">MtxGroupObject</base_container>
        <field id="RelationshipArray">
            <created_schema_version>21</created_schema_version>
            <datatype>string</datatype>
            <array>1</array>
        </field>
        <storage_size>large</storage_size>
    </container>

    <container id="VisibleCAGroupExtension">
        <key>-63</key>
        <created_schema_version>21</created_schema_version>
        <base_container id="21">MtxGroupExtension</base_container>
        <field id="RelationshipArray">
            <created_schema_version>21</created_schema_version>
            <datatype>string</datatype>
            <array>1</array>
        </field>
        <storage_size>large</storage_size>
    </container>

    <!-- Mapping from external user extended objects to internal DB objects -->
    <container_relationship id="ext_to_int_type">
        <relationship id="VisibleCAGroupExtension">
            <target_container>VisibleCAGroup</target_container>
        </relationship>
        <relationship id="VisibleDeviceExtension">
            <target_container>VisibleDevice</target_container>
        </relationship>
        <relationship id="VisibleSubscriberExtension">
            <target_container>VisibleSubscriber</target_container>
        </relationship>
        <relationship id="VisiblePurchasedOfferExtension">
            <target_container>VisiblePurchasedOffer</target_container>
        </relationship>
        <!-- extra ext_to_int_type relationships go here -->
    </container_relationship>


 <!-- Mapping from internal DB objects to external user extended objects -->
    <container_relationship id="int_to_ext_type">
        <relationship id="VisibleCAGroup">
            <target_container>VisibleCAGroupExtension</target_container>
        </relationship>
        <relationship id="VisibleDevice">
            <target_container>VisibleDeviceExtension</target_container>
        </relationship>
        <relationship id="VisibleSubscriber">
            <target_container>VisibleSubscriberExtension</target_container>
        </relationship>
        <relationship id="VisiblePurchasedOffer">
            <target_container>VisiblePurchasedOfferExtension</target_container>
        </relationship>
        <!-- extra int_to_ext_type relationships go here -->
    </container_relationship>


        <!-- Mapping of a system MDC to a private MDC to use. -->
    <container_relationship id="mdc_customization_type">
        <relationship id="MtxApiEventDataExtension">
            <target_container>VisibleApiEventData</target_container>
        </relationship>
        <relationship id="MtxBraintreeChargeMethodExtension">
            <target_container>VisibleBraintreeChargeMethodExtension</target_container>
        </relationship>
        <relationship id="MtxBundleExtension">
            <target_container>VisibleProductBundle</target_container>
        </relationship>
        <relationship id="MtxChargingSessionExtension">
            <target_container>VisibleChargingSessionExtension</target_container>
        </relationship>
        <relationship id="MtxDiamRoMsg">
            <target_container>VisibleDiamRoMsg</target_container>
        </relationship>
        <relationship id="MtxDiamSmsInfoData">
            <target_container>VisibleDiamSmsInfoData</target_container>
        </relationship>
        <relationship id="MtxGroupObject">
            <target_container>VisibleGroup</target_container>
        </relationship>
        <relationship id="MtxMobileDeviceObject">
            <target_container>VisibleDevice</target_container>
        </relationship>
        <relationship id="MtxPrimaryEventExtension">
            <target_container>VisiblePrimaryEventAttr</target_container>
        </relationship>
        <relationship id="MtxProductOfferExtension">
            <target_container>VisibleProductOffer</target_container>
        </relationship>
        <relationship id="MtxPurchasedOffer">
            <target_container>VisiblePurchasedOffer</target_container>
        </relationship>
        <relationship id="MtxRechargeExtension">
            <target_container>VisibleRechargeExtension</target_container>
        </relationship>
        <relationship id="MtxRecurringEvent">
            <target_container>VisibleRecurringEvent</target_container>
        </relationship>
        <relationship id="MtxSubscriberObject">
            <target_container>VisibleSubscriber</target_container>
        </relationship>
        <relationship id="MtxTemplateAttr">
            <target_container>VisibleTemplate</target_container>
        </relationship>
        <relationship id="MtxUsageEvent">
            <target_container>VisibleUsageEvent</target_container>
        </relationship>
        <relationship id="MtxVoiceEvent">
            <target_container>VisibleVoiceEvent</target_container>
        </relationship>
        <!-- extra mdc_customization_type relationships go here -->
    </container_relationship>

</mdc_configuration>