# OfferExternalId, EarnedRevenueGlAccount
Visible_Unlimited_Data,40014000,95
Visible_Unlimited_Voice,40014100,97
Visible_Unlimited_Text,40014200,96
Visible_Unlimited_MMS,40014200,98
Visible_LD_Voice,40014100,219
DATA,40014000,95
Data,40014000,95
VOICE,40014100,97
TEXT,40014200,96
SMS,40014200,96
MMS,40014200,98
Visible_Device,24500001,62
Visible_Device_Shipping,50052002,63
Visible_Device_Finance_Fee,41000191,71
Visible_Device_Insurance_Offer,40091001,83
Visible_Device_Extended_Warranty_Offer,40091001,81
REF-CR Referror_Credits,40010301,43
REF-CR Referee_Credits,40010301,44
GRP-DC Visible_Redeem_Group_Discounts,40010301,13
GRP-DC Group_Discounts,40010301,13
Visible_Wearable_Insurance_Offer,40091001,83
Visible_Wearable_Extended_Warranty_Offer,40091001,81
Visible_Unlimited_Data_WEAR045,440644,95
Visible_Unlimited_Voice_WEAR045,400514,97
Visible_Unlimited_Text_WEAR045,440522,96
Visible_Unlimited_MMS_WEAR045,440258,98
Visible_LD_Voice_WEAR045,430051,219
Visible_Unlimited_Data_GP00045,440644,95
Visible_Unlimited_Voice_GP00045,400514,97
Visible_Unlimited_Text_GP00045,440522,96
Visible_Unlimited_MMS_GP00045,440258,98
Visible_Unlimited_Data_WEAR12MP,440644,95
Visible_Unlimited_Voice_WEAR12MP,400514,97
Visible_Unlimited_Text_WEAR12MP,440522,96
Visible_Unlimited_MMS_WEAR12MP,440258,98
Visible_LD_Voice_WEAR12MP,430051,219
Visible_Unlimited_Data_GP0012MP,440644,95
Visible_Unlimited_Voice_GP0012MP,400514,97
Visible_Unlimited_Text_GP0012MP,440522,96
Visible_Unlimited_MMS_GP0012MP,440258,98
Visible_Global_Roaming,400514,97
Visible_Unlimited_DataGL,440644,195
Visible_Unlimited_VoiceGL,400514,197
Visible_Unlimited_TextGL,440522,196
Visible_Unlimited_MMSGL,440258,198
Visible_LD_VoiceGL,440514,1219
Visible_Unlimited_DataGL_WEAR12MP,440644,195
Visible_Unlimited_VoiceGL_WEAR12MP,400514,197
Visible_Unlimited_TextGL_WEAR12MP,440522,196
Visible_Unlimited_MMSGL_WEAR12MP,440258,198
Visible_Unlimited_DataGL_GP0012MP,440644,195
Visible_Unlimited_VoiceGL_GP0012MP,400514,197
Visible_Unlimited_TextGL_GP0012MP,440522,196
Visible_Unlimited_MMSGL_GP0012MP,440258,198
Visible_LD_VoiceGL_WEAR12MP,440514,1219
Visible_Unlimited_Data_GP2535,440644,95
Visible_Unlimited_Voice_GP2535,400514,97
Visible_Unlimited_Text_GP2535,440522,96
Visible_Unlimited_MMS_GP2535,440258,98
Visible_Unlimited_Data_GP2535MP,440644,95
Visible_Unlimited_Voice_GP2535MP,400514,97
Visible_Unlimited_Text_GP2535MP,440522,96
Visible_Unlimited_MMS_GP2535MP,440258,98
Visible_Unlimited_Data_WE2545,440644,95
Visible_Unlimited_Voice_WE2545,400514,97
Visible_LD_Voice_WE2545,400514,219
Visible_Unlimited_Text_WE2545,440522,96
Visible_Unlimited_MMS_WE2545,440258,98
Visible_Unlimited_Data_GP2545,440644,95
Visible_Unlimited_Voice_GP2545,400514,97
Visible_Unlimited_Text_GP2545,440522,96
Visible_Unlimited_MMS_GP2545,440258,98
Visible_Unlimited_Data_WE2545MP,440644,95
Visible_Unlimited_Voice_WE2545MP,400514,97
Visible_LD_Voice_WE2545,400514MP,219
Visible_Unlimited_Text_WE2545MP,440522,96
Visible_Unlimited_MMS_WE2545MP,440258,98
Visible_Unlimited_Data_GP2545MP,440644,95
Visible_Unlimited_Voice_GP2545MP,400514,97
Visible_Unlimited_Text_GP2545MP,440522,96
Visible_Unlimited_MMS_GP2545MP,440258,98
####Updates for VMidM GP2535MM06####
Visible_Unlimited_Data_GP2535MM06,440644,95
Visible_Unlimited_Voice_GP2535MM06,400514,97
Visible_Unlimited_Text_GP2535MM06,440522,96
Visible_Unlimited_MMS_GP2535MM06,440258,98
#####Updates for VHiM WE2545MM06####
Visible_Unlimited_Data_WE2545MM06,440644,95
Visible_Unlimited_Voice_WE2545MM06,400514,97
Visible_LD_Voice_WE2545MM06,400514,219
Visible_Unlimited_Text_WE2545MM06,440522,96
Visible_Unlimited_MMS_WE2545MM06,440258,98
