# ClassCode,ActivationTxnType,VendorPayableAccount,PayableTxnType
SVC,94
SVC-CON,94
FEA,80,22000070,82
REF-CR Referror_Credits,40
REF-CR Referee_Credits,41
GOOD-CR,32
GRPD-CR,20
PROMO-CR,10
SAVE20,10
CARESAVE15,10
GOLDR-CR,10
CALI3,10
CALI3AND3,10
CALI20,10
BROWS20,10
TRY3,10
SAVE2021,10
MAIL2021,10
FIRST25,10
REF-35,240
2021MAIL,10
21MAIL20,10
20MAIL21,10
20FOR3,10
CHIME25,10
SAVE3,10
30FOR2,10
35REF,230
VBPP25,10
SVC-W,94
ESIM5,10
FEA-W,80,22000070,82
AMZN,10
SVC-FT,94
2FOR22,10
MARKETPLACE,10
SVC-SWS,94
20REF,260
REF-20,250
VBPP-CORE,10
NCPlus15FOR3,10
10offForN,10
15OFFN,10
NIB25,10
5OFFN,10
25OFFN,10
2535BASE,10
2535PLUS,10
DCOT,10
GENRICPROMO,10
SVC-TP,94
SVC-GL,194
SWITCH26,10
