# ClassCode,CreditRecognitionTxnType,GlReference,ContraRevenueGlAccount
REF-CR Referror_Credits,43,,40010301
REF-CR Referee_Credits,44,,40010301
GOOD-CR,33,,40010301
GRPD-CR,21,Visible_Unlimited_Data
GRPD-CR,22,Visible_Unlimited_Text
GRPD-CR,23,Visible_Unlimited_Voice
GRPD-CR,24,Visible_Unlimited_MMS
PROMO-CR,11,Visible_Unlimited_Data
PROMO-CR,12,Visible_Unlimited_Text
PROMO-CR,13,Visible_Unlimited_Voice
PROMO-CR,14,Visible_Unlimited_MMS
SAVE20,11,Visible_Unlimited_Data
SAVE20,12,Visible_Unlimited_Text
SAVE20,13,Visible_Unlimited_Voice
SAVE20,14,Visible_Unlimited_MMS
CARESAVE15,11,Visible_Unlimited_Data
CARESAVE15,12,Visible_Unlimited_Text
CARESAVE15,13,Visible_Unlimited_Voice
CARESAVE15,14,Visible_Unlimited_MMS
GOLDR-CR,11,Visible_Unlimited_Data
GOLDR-CR,12,Visible_Unlimited_Text
GOLDR-CR,13,Visible_Unlimited_Voice
GOLDR-CR,14,Visible_Unlimited_MMS	
CALI20,11,Visible_Unlimited_Data
CALI20,12,Visible_Unlimited_Text
CALI20,13,Visible_Unlimited_Voice
CALI20,14,Visible_Unlimited_MMS	
CALI3AND3,11,Visible_Unlimited_Data
CALI3AND3,12,Visible_Unlimited_Text
CALI3AND3,13,Visible_Unlimited_Voice
CALI3AND3,14,Visible_Unlimited_MMS
CALI3,11,Visible_Unlimited_Data
CALI3,12,Visible_Unlimited_Text
CALI3,13,Visible_Unlimited_Voice
CALI3,14,Visible_Unlimited_MMS
BROWS20,11,Visible_Unlimited_Data
BROWS20,12,Visible_Unlimited_Text
BROWS20,13,Visible_Unlimited_Voice
BROWS20,14,Visible_Unlimited_MMS
TRY3,11,Visible_Unlimited_Data
TRY3,12,Visible_Unlimited_Text
TRY3,13,Visible_Unlimited_Voice
TRY3,14,Visible_Unlimited_MMS
SAVE2021,11,Visible_Unlimited_Data
SAVE2021,12,Visible_Unlimited_Text
SAVE2021,13,Visible_Unlimited_Voice
SAVE2021,14,Visible_Unlimited_MMS
MAIL2021,11,Visible_Unlimited_Data
MAIL2021,12,Visible_Unlimited_Text
MAIL2021,13,Visible_Unlimited_Voice
MAIL2021,14,Visible_Unlimited_MMS
FIRST25,11,Visible_Unlimited_Data
FIRST25,12,Visible_Unlimited_Text
FIRST25,13,Visible_Unlimited_Voice
FIRST25,14,Visible_Unlimited_MMS
REF-35,241,Visible_Unlimited_Data
REF-35,242,Visible_Unlimited_Text
REF-35,243,Visible_Unlimited_Voice
REF-35,244,Visible_Unlimited_MMS
2021MAIL,11,Visible_Unlimited_Data
2021MAIL,12,Visible_Unlimited_Text
2021MAIL,13,Visible_Unlimited_Voice
2021MAIL,14,Visible_Unlimited_MMS
21MAIL20,11,Visible_Unlimited_Data
21MAIL20,12,Visible_Unlimited_Text
21MAIL20,13,Visible_Unlimited_Voice
21MAIL20,14,Visible_Unlimited_MMS
20MAIL21,11,Visible_Unlimited_Data
20MAIL21,12,Visible_Unlimited_Text
20MAIL21,13,Visible_Unlimited_Voice
20MAIL21,14,Visible_Unlimited_MMS
20FOR3,11,Visible_Unlimited_Data
20FOR3,12,Visible_Unlimited_Text
20FOR3,13,Visible_Unlimited_Voice
20FOR3,14,Visible_Unlimited_MMS
CHIME25,11,Visible_Unlimited_Data
CHIME25,12,Visible_Unlimited_Text
CHIME25,13,Visible_Unlimited_Voice
CHIME25,14,Visible_Unlimited_MMS
SAVE3,11,Visible_Unlimited_Data
SAVE3,12,Visible_Unlimited_Text
SAVE3,13,Visible_Unlimited_Voice
SAVE3,14,Visible_Unlimited_MMS
30FOR2,11,Visible_Unlimited_Data
30FOR2,12,Visible_Unlimited_Text
30FOR2,13,Visible_Unlimited_Voice
30FOR2,14,Visible_Unlimited_MMS
35REF,231,Visible_Unlimited_Data
35REF,232,Visible_Unlimited_Text
35REF,233,Visible_Unlimited_Voice
35REF,234,Visible_Unlimited_MMS
VBPP25,11,Visible_Unlimited_Data
VBPP25,12,Visible_Unlimited_Text
VBPP25,13,Visible_Unlimited_Voice
VBPP25,14,Visible_Unlimited_MMS
ESIM5,11,Visible_Unlimited_Data
ESIM5,12,Visible_Unlimited_Text
ESIM5,13,Visible_Unlimited_Voice
ESIM5,14,Visible_Unlimited_MMS
AMZN,11,Visible_Unlimited_Data
AMZN,12,Visible_Unlimited_Text
AMZN,13,Visible_Unlimited_Voice
AMZN,14,Visible_Unlimited_MMS
2FOR22,11,Visible_Unlimited_Data
2FOR22,12,Visible_Unlimited_Text
2FOR22,13,Visible_Unlimited_Voice
2FOR22,14,Visible_Unlimited_MMS
MARKETPLACE,11,Visible_Unlimited_Data
MARKETPLACE,12,Visible_Unlimited_Text
MARKETPLACE,13,Visible_Unlimited_Voice
MARKETPLACE,14,Visible_Unlimited_MMS
REF-20,251,Visible_Unlimited_Data
REF-20,252,Visible_Unlimited_Text
REF-20,253,Visible_Unlimited_Voice
REF-20,254,Visible_Unlimited_MMS
REF-20,220,Visible_LD_Voice
20REF,261,Visible_Unlimited_Data
20REF,262,Visible_Unlimited_Text
20REF,263,Visible_Unlimited_Voice
20REF,264,Visible_Unlimited_MMS
20REF,221,Visible_LD_Voice
VBPP-CORE,11,Visible_Unlimited_Data
VBPP-CORE,12,Visible_Unlimited_Text
VBPP-CORE,13,Visible_Unlimited_Voice
VBPP-CORE,14,Visible_Unlimited_MMS
VBPP-CORE,222,Visible_LD_Voice
NCPlus15FOR3,11,Visible_Unlimited_Data
NCPlus15FOR3,12,Visible_Unlimited_Text
NCPlus15FOR3,13,Visible_Unlimited_Voice
NCPlus15FOR3,14,Visible_Unlimited_MMS
NCPlus15FOR3,222,Visible_LD_Voice
10offForN,11,Visible_Unlimited_Data
10offForN,12,Visible_Unlimited_Text
10offForN,13,Visible_Unlimited_Voice
10offForN,14,Visible_Unlimited_MMS
10offForN,222,Visible_LD_Voice
15OFFN,11,Visible_Unlimited_Data
15OFFN,12,Visible_Unlimited_Text
15OFFN,13,Visible_Unlimited_Voice
15OFFN,14,Visible_Unlimited_MMS
15OFFN,222,Visible_LD_Voice
NIB25,11,Visible_Unlimited_Data
NIB25,12,Visible_Unlimited_Text
NIB25,13,Visible_Unlimited_Voice
NIB25,14,Visible_Unlimited_MMS
NIB25,222,Visible_LD_Voice
5OFFN,11,Visible_Unlimited_Data
5OFFN,12,Visible_Unlimited_Text
5OFFN,13,Visible_Unlimited_Voice
5OFFN,14,Visible_Unlimited_MMS
5OFFN,222,Visible_LD_Voice
25OFFN,11,Visible_Unlimited_Data
25OFFN,12,Visible_Unlimited_Text
25OFFN,13,Visible_Unlimited_Voice
25OFFN,14,Visible_Unlimited_MMS
25OFFN,222,Visible_LD_Voice
2535BASE,11,Visible_Unlimited_Data
2535BASE,12,Visible_Unlimited_Text
2535BASE,13,Visible_Unlimited_Voice
2535BASE,14,Visible_Unlimited_MMS
2535BASE,222,Visible_LD_Voice
2535PLUS,11,Visible_Unlimited_Data
2535PLUS,12,Visible_Unlimited_Text
2535PLUS,13,Visible_Unlimited_Voice
2535PLUS,14,Visible_Unlimited_MMS
2535PLUS,222,Visible_LD_Voice
DCOT,11,Visible_Unlimited_Data
DCOT,12,Visible_Unlimited_Text
DCOT,13,Visible_Unlimited_Voice
DCOT,14,Visible_Unlimited_MMS
DCOT,222,Visible_LD_Voice
GENRICPROMO,11,Visible_Unlimited_Data
GENRICPROMO,12,Visible_Unlimited_Text
GENRICPROMO,13,Visible_Unlimited_Voice
GENRICPROMO,14,Visible_Unlimited_MMS
GENRICPROMO,222,Visible_LD_Voice
Plus50Off,11,Visible_Unlimited_Data
Plus50Off,12,Visible_Unlimited_Text
Plus50Off,13,Visible_Unlimited_Voice
Plus50Off,14,Visible_Unlimited_MMS
Plus50Off,222,Visible_LD_Voice
20FOR3,222,Visible_LD_Voice
CA5,11,Visible_Unlimited_Data
CA5,12,Visible_Unlimited_Text
CA5,13,Visible_Unlimited_Voice
CA5,14,Visible_Unlimited_MMS
SWITCH26,11,Visible_Unlimited_Data
SWITCH26,12,Visible_Unlimited_Text
SWITCH26,13,Visible_Unlimited_Voice
SWITCH26,14,Visible_Unlimited_MMS
SWITCH26,222,Visible_LD_Voice
