# ClassCode,GlTransactionType
SVC,99
SVC-CON,99
EQP,64
EQP-DP,74
REF-CR,99
FEA,99
NONRTNFEE,64
REF-CR Referror_Credits,45,Visible_Unlimited_Data
REF-CR Referror_Credits,46,Visible_Unlimited_Text
REF-CR Referror_Credits,47,Visible_Unlimited_Voice
REF-CR Referror_Credits,48,Visible_Unlimited_MMS
REF-CR Referee_Credits,35,Visible_Unlimited_Data
REF-CR Referee_Credits,36,Visible_Unlimited_Text
REF-CR Referee_Credits,37,Visible_Unlimited_Voice
REF-CR Referee_Credits,38,Visible_Unlimited_MMS
GRPD-CR,25,Visible_Unlimited_Data
GRPD-CR,26,Visible_Unlimited_Text
GRPD-CR,27,Visible_Unlimited_Voice
GRPD-CR,28,Visible_Unlimited_MMS
PROMO-CR,15,Visible_Unlimited_Data
PROMO-CR,16,Visible_Unlimited_Text
PROMO-CR,17,Visible_Unlimited_Voice
PROMO-CR,18,Visible_Unlimited_MMS
SAVE20,15,Visible_Unlimited_Data
SAVE20,16,Visible_Unlimited_Text
SAVE20,17,Visible_Unlimited_Voice
SAVE20,18,Visible_Unlimited_MMS
CARESAVE15,15,Visible_Unlimited_Data
CARESAVE15,16,Visible_Unlimited_Text
CARESAVE15,17,Visible_Unlimited_Voice
CARESAVE15,18,Visible_Unlimited_MMS
GOLDR-CR,15,Visible_Unlimited_Data
GOLDR-CR,16,Visible_Unlimited_Text
GOLDR-CR,17,Visible_Unlimited_Voice
GOLDR-CR,18,Visible_Unlimited_MMS
CALI20,15,Visible_Unlimited_Data
CALI20,16,Visible_Unlimited_Text
CALI20,17,Visible_Unlimited_Voice
CALI20,18,Visible_Unlimited_MMS
CALI3AND3,15,Visible_Unlimited_Data
CALI3AND3,16,Visible_Unlimited_Text
CALI3AND3,17,Visible_Unlimited_Voice
CALI3AND3,18,Visible_Unlimited_MMS
CALI3,15,Visible_Unlimited_Data
CALI3,16,Visible_Unlimited_Text
CALI3,17,Visible_Unlimited_Voice
CALI3,18,Visible_Unlimited_MMS	
BROWS20,15,Visible_Unlimited_Data
BROWS20,16,Visible_Unlimited_Text
BROWS20,17,Visible_Unlimited_Voice
BROWS20,18,Visible_Unlimited_MMS
TRY3,15,Visible_Unlimited_Data
TRY3,16,Visible_Unlimited_Text
TRY3,17,Visible_Unlimited_Voice
TRY3,18,Visible_Unlimited_MMS
SAVE2021,15,Visible_Unlimited_Data
SAVE2021,16,Visible_Unlimited_Text
SAVE2021,17,Visible_Unlimited_Voice
SAVE2021,18,Visible_Unlimited_MMS
MAIL2021,15,Visible_Unlimited_Data
MAIL2021,16,Visible_Unlimited_Text
MAIL2021,17,Visible_Unlimited_Voice
MAIL2021,18,Visible_Unlimited_MMS
FIRST25,15,Visible_Unlimited_Data
FIRST25,16,Visible_Unlimited_Text
FIRST25,17,Visible_Unlimited_Voice
FIRST25,18,Visible_Unlimited_MMS
REF-35,245,Visible_Unlimited_Data
REF-35,246,Visible_Unlimited_Text
REF-35,247,Visible_Unlimited_Voice
REF-35,248,Visible_Unlimited_MMS
2021MAIL,15,Visible_Unlimited_Data
2021MAIL,16,Visible_Unlimited_Text
2021MAIL,17,Visible_Unlimited_Voice
2021MAIL,18,Visible_Unlimited_MMS
20MAIL21,15,Visible_Unlimited_Data
20MAIL21,16,Visible_Unlimited_Text
20MAIL21,17,Visible_Unlimited_Voice
20MAIL21,18,Visible_Unlimited_MMS
21MAIL20,15,Visible_Unlimited_Data
21MAIL20,16,Visible_Unlimited_Text
21MAIL20,17,Visible_Unlimited_Voice
21MAIL20,18,Visible_Unlimited_MMS
20FOR3,15,Visible_Unlimited_Data
20FOR3,16,Visible_Unlimited_Text
20FOR3,17,Visible_Unlimited_Voice
20FOR3,18,Visible_Unlimited_MMS
CHIME25,15,Visible_Unlimited_Data
CHIME25,16,Visible_Unlimited_Text
CHIME25,17,Visible_Unlimited_Voice
CHIME25,18,Visible_Unlimited_MMS
SAVE3,15,Visible_Unlimited_Data
SAVE3,16,Visible_Unlimited_Text
SAVE3,17,Visible_Unlimited_Voice
SAVE3,18,Visible_Unlimited_MMS
30FOR2,15,Visible_Unlimited_Data
30FOR2,16,Visible_Unlimited_Text
30FOR2,17,Visible_Unlimited_Voice
30FOR2,18,Visible_Unlimited_MMS
35REF,235,Visible_Unlimited_Data
35REF,236,Visible_Unlimited_Text
35REF,237,Visible_Unlimited_Voice
35REF,238,Visible_Unlimited_MMS
VBPP25,15,Visible_Unlimited_Data
VBPP25,16,Visible_Unlimited_Text
VBPP25,17,Visible_Unlimited_Voice
VBPP25,18,Visible_Unlimited_MMS
SVC-W,99
ESIM5,15,Visible_Unlimited_Data
ESIM5,16,Visible_Unlimited_Text
ESIM5,17,Visible_Unlimited_Voice
ESIM5,18,Visible_Unlimited_MMS
FEA-W,99
AMZN,15,Visible_Unlimited_Data
AMZN,16,Visible_Unlimited_Text
AMZN,17,Visible_Unlimited_Voice
AMZN,18,Visible_Unlimited_MMS
SVC-FT,99
2FOR22,15,Visible_Unlimited_Data
2FOR22,16,Visible_Unlimited_Text
2FOR22,17,Visible_Unlimited_Voice
2FOR22,18,Visible_Unlimited_MMS
MARKETPLACE,15,Visible_Unlimited_Data
MARKETPLACE,16,Visible_Unlimited_Text
MARKETPLACE,17,Visible_Unlimited_Voice
MARKETPLACE,18,Visible_Unlimited_MMS
SVC-SWS,99
REF-20,255,Visible_Unlimited_Data
REF-20,256,Visible_Unlimited_Text
REF-20,257,Visible_Unlimited_Voice
REF-20,258,Visible_Unlimited_MMS
REF-20,225,Visible_LD_Voice
20REF,265,Visible_Unlimited_Data
20REF,266,Visible_Unlimited_Text
20REF,267,Visible_Unlimited_Voice
20REF,268,Visible_Unlimited_MMS
20REF,226,Visible_LD_Voice
VBPP-CORE,15,Visible_Unlimited_Data
VBPP-CORE,16,Visible_Unlimited_Text
VBPP-CORE,17,Visible_Unlimited_Voice
VBPP-CORE,18,Visible_Unlimited_MMS
VBPP-CORE,227,Visible_LD_Voice
NCPlus15FOR3,15,Visible_Unlimited_Data
NCPlus15FOR3,16,Visible_Unlimited_Text
NCPlus15FOR3,17,Visible_Unlimited_Voice
NCPlus15FOR3,18,Visible_Unlimited_MMS
NCPlus15FOR3,227,Visible_LD_Voice
10offForN,15,Visible_Unlimited_Data
10offForN,16,Visible_Unlimited_Text
10offForN,17,Visible_Unlimited_Voice
10offForN,18,Visible_Unlimited_MMS
10offForN,227,Visible_LD_Voice
15OFFN,15,Visible_Unlimited_Data
15OFFN,16,Visible_Unlimited_Text
15OFFN,17,Visible_Unlimited_Voice
15OFFN,18,Visible_Unlimited_MMS
15OFFN,227,Visible_LD_Voice
NIB25,15,Visible_Unlimited_Data
NIB25,16,Visible_Unlimited_Text
NIB25,17,Visible_Unlimited_Voice
NIB25,18,Visible_Unlimited_MMS
NIB25,227,Visible_LD_Voice
5OFFN,15,Visible_Unlimited_Data
5OFFN,16,Visible_Unlimited_Text
5OFFN,17,Visible_Unlimited_Voice
5OFFN,18,Visible_Unlimited_MMS
5OFFN,227,Visible_LD_Voice
25OFFN,15,Visible_Unlimited_Data
25OFFN,16,Visible_Unlimited_Text
25OFFN,17,Visible_Unlimited_Voice
25OFFN,18,Visible_Unlimited_MMS
25OFFN,227,Visible_LD_Voice
2535BASE,15,Visible_Unlimited_Data
2535BASE,16,Visible_Unlimited_Text
2535BASE,17,Visible_Unlimited_Voice
2535BASE,18,Visible_Unlimited_MMS
2535BASE,227,Visible_LD_Voice
2535PLUS,15,Visible_Unlimited_Data
2535PLUS,16,Visible_Unlimited_Text
2535PLUS,17,Visible_Unlimited_Voice
2535PLUS,18,Visible_Unlimited_MMS
2535PLUS,227,Visible_LD_Voice
DCOT,15,Visible_Unlimited_Data
DCOT,16,Visible_Unlimited_Text
DCOT,17,Visible_Unlimited_Voice
DCOT,18,Visible_Unlimited_MMS
DCOT,227,Visible_LD_Voice
GENRICPROMO,15,Visible_Unlimited_Data
GENRICPROMO,16,Visible_Unlimited_Text
GENRICPROMO,17,Visible_Unlimited_Voice
GENRICPROMO,18,Visible_Unlimited_MMS
GENRICPROMO,227,Visible_LD_Voice
SVC-TP,99
Plus50Off,15,Visible_Unlimited_Data
Plus50Off,16,Visible_Unlimited_Text
Plus50Off,17,Visible_Unlimited_Voice
Plus50Off,18,Visible_Unlimited_MMS
Plus50Off,227,Visible_LD_Voice
20FOR3,227,Visible_LD_Voice
SVC-GL,199
SWITCH26,15,Visible_Unlimited_Data
SWITCH26,16,Visible_Unlimited_Text
SWITCH26,17,Visible_Unlimited_Voice
SWITCH26,18,Visible_Unlimited_MMS
SWITCH26,227,Visible_LD_Voice
