<?xml version='1.0' encoding='UTF-8'?>
<MtxRestServices xmlns:xsi='http://www.w3.org/2001/XMLSchema-instance' xmlns='http://www.matrixxsw.com/XML_Schema/rest_service' xsi:schemaLocation='http://www.matrixxsw.com/XML_Schema/rest_service http://www.matrixxsw.com/XML_Schema/rest_service.xsd rest_service.xsd ../rest_service.xsd'>
    <info>
        <class>VisibleRestServices</class>
        <filename>web/rsgateway/rest/VisibleRestServices.xml</filename>
        <date>2020-01-29</date>
    </info>
    <path_array>
	    <!-- Config API REST operations. -->
        <path url='/config/reload'>
            <service id='GET'>
                <name>custom_config_reload</name>
                <description>This method is used to reload the system configuration.</description>
                <request>VisibleRequestReloadConfig</request>
                <response>MtxResponse</response>
                <code_generation>
                    <mapping>attachVersion 1</mapping>
                    <callout_statement> com.matrixx.rsgateway.custom.VisibleServices svc =
                        (com.matrixx.rsgateway.custom.VisibleServices)
                        m_appContext.getBean("VisibleServices"); svc.reloadConfig(reqMsg, rspMsg);
                    </callout_statement>
                </code_generation>
            </service>
        </path>
        <path url='/config/get_config'>
            <service id='GET'>
                <name>get_config</name>
                <description>This method is used to get rsgateway.properties.</description>
                <request>VisibleRequestGetConfig</request>
                <response>VisibleResponseGetConfig</response>
                <code_generation>
                    <mapping>readData</mapping>
                    <mapping>attachVersion 1</mapping>
                    <patch>route = setRoute(route)</patch>
                    <callout_statement> com.matrixx.rsgateway.custom.VisibleServices svc =
                        (com.matrixx.rsgateway.custom.VisibleServices)
                        m_appContext.getBean("VisibleServices"); svc.getConfig(reqMsg, rspMsg);
                    </callout_statement>
                </code_generation>
            </service>
        </path>
		
        <!-- Device API REST operations. -->
        <path url='/visible/1/purchase_device'>
            <service id='POST'>
                <name>purchase_device</name>
                <description>This method is used to purchase a device for a subscriber. The
                    VisibleRequestPurchaseDevice XML document should be PUT to the server.
                </description>				
                <request>VisibleRequestPurchaseDevice</request>
                <response>VisibleResponsePurchaseDevice</response>
                <code_generation>
                    <mapping>readData</mapping>
                    <mapping>attachVersion 1</mapping>
                    <patch>route = setRoute(route)</patch>
					<callout_statement> com.matrixx.rsgateway.custom.VisibleServices svc =
						(com.matrixx.rsgateway.custom.VisibleServices)
						m_appContext.getBean("VisibleServices"); svc.purchaseDevice(reqMsg, rspMsg);
					</callout_statement>
                </code_generation>
            </service>
        </path>

		<path url='/visible/1/return_purchased_device'>
            <service id='POST'>
                <name>return_purchased_device</name>
                <description>This method is used to return a purchased device for a subscriber. The
                    VisibleRequestReturnPurchasedDevice XML document should be PUT to the server.
                </description>				
                <request>VisibleRequestReturnPurchasedDevice</request>
                <response>VisibleResponseReturnPurchasedDevice</response>
                <code_generation>
                    <mapping>readData</mapping>
                    <mapping>attachVersion 1</mapping>
                    <patch>route = setRoute(route)</patch>
					<callout_statement> com.matrixx.rsgateway.custom.VisibleServices svc =
						(com.matrixx.rsgateway.custom.VisibleServices)
						m_appContext.getBean("VisibleServices"); svc.returnPurchasedDevice(reqMsg,
						rspMsg);
					</callout_statement>
                </code_generation>
            </service>
        </path>
			
		<path url='/visible/1/finance_device'>
            <service id='POST'>
                <name>finance_device</name>
                <description>This method is used to purchase a financed device for a subscriber. The
                    VisibleRequestFinanceDevice XML document should be PUT to the server.
                </description>			
                <request>VisibleRequestFinanceDevice</request>
                <response>VisibleResponseFinanceDevice</response>
                <code_generation>
                    <mapping>readData</mapping>
                    <mapping>attachVersion 1</mapping>
                    <patch>route = setRoute(route)</patch>
					<callout_statement> com.matrixx.rsgateway.custom.VisibleServices svc =
						(com.matrixx.rsgateway.custom.VisibleServices)
						m_appContext.getBean("VisibleServices"); svc.financeDevice(reqMsg, rspMsg);
					</callout_statement>
                </code_generation>
            </service>
        </path>
		
		<path url='/visible/1/return_financed_device'>
            <service id='POST'>
                <name>return_financed_device</name>
                <description>This method is used to return a financed device for a subscriber. The
                    VisibleRequestReturnFinancedDevice XML document should be PUT to the server.
                </description>		
                <request>VisibleRequestReturnFinancedDevice</request>
                <response>VisibleResponseReturnFinancedDevice</response>
                <code_generation>
                    <mapping>readData</mapping>
                    <mapping>attachVersion 1</mapping>
                    <patch>route = setRoute(route)</patch>
					<callout_statement> com.matrixx.rsgateway.custom.VisibleServices svc =
						(com.matrixx.rsgateway.custom.VisibleServices)
						m_appContext.getBean("VisibleServices"); svc.returnFinancedDevice(reqMsg,
						rspMsg);
					</callout_statement>
                </code_generation>
            </service>
        </path>
	
		<!-- Device Swap API REST operations. -->
		<path url='/visible/1/device_swap'>
            <service id='POST'>
                <name>device_swap</name>
				<description>This method implements the device swap process for a subscriber.</description>
                <request>VisibleRequestDeviceSwap</request>
                <response>VisibleResponseDeviceSwap</response>
                <code_generation>
					<mapping>readData</mapping>
					<mapping>attachVersion 1</mapping>
					<patch>route = setRoute(route)</patch>
					<callout_statement> com.matrixx.rsgateway.custom.VisibleServices svc =
						(com.matrixx.rsgateway.custom.VisibleServices)
						m_appContext.getBean("VisibleServices"); svc.deviceSwap(reqMsg, rspMsg);
					</callout_statement>
                </code_generation>
            </service>
        </path>
		
		<path url='/visible/1/cancel_device_swap'>
            <service id='POST'>
                <name>cancel_device_swap</name>
				<description>This method is used to cancel device swap for a subscriber.
                </description>
                <request>VisibleRequestCancelDeviceSwap</request>
                <response>VisibleResponseCancelDeviceSwap</response>
                <code_generation>
					<mapping>readData</mapping>
					<mapping>attachVersion 1</mapping>
					<patch>route = setRoute(route)</patch>
					<callout_statement> com.matrixx.rsgateway.custom.VisibleServices svc =
						(com.matrixx.rsgateway.custom.VisibleServices)
						m_appContext.getBean("VisibleServices"); svc.cancelDeviceSwap(reqMsg,
						rspMsg);
					</callout_statement>
                </code_generation>
            </service>
        </path>
		
		<path url='/visible/1/charge_non_return_fee'>
            <service id='POST'>
                <name>charge_non_return_fee</name>
                <description>This method is added as part of device swap which is used to charge non
                    return fee if the subscribers doesn't return their old device . The
                    VisibleRequestChargeNrf XML document should be PUT to the server. Leave out
                    the SubsriberSearchData field as this information is replaced with information
                    passed via the URL.
                </description>
                <request>VisibleRequestChargeNrf</request>
                <response>VisibleResponseChargeNrf</response>
                <code_generation>
					<mapping>readData</mapping>
					<mapping>attachVersion 1</mapping>
					<patch>route = setRoute(route)</patch>
					<callout_statement> com.matrixx.rsgateway.custom.VisibleServices svc =
						(com.matrixx.rsgateway.custom.VisibleServices)
						m_appContext.getBean("VisibleServices"); svc.chargeNonReturnFee(reqMsg, rspMsg);
					</callout_statement>
                </code_generation>
            </service>
        </path>
		
		<path url='/visible/1/reverse_non_return_fee'>
            <service id='POST'>
                <name>reverse_non_return_fee</name>
                <description>This method is used to reverse device swap NRF for a subscriber.
                </description>
                <request>VisibleRequestReverseNrf</request>
                <response>VisibleResponseReverseNrf</response>
                <code_generation>
					<mapping>readData</mapping>
					<mapping>attachVersion 1</mapping>
					<patch>route = setRoute(route)</patch>
					<callout_statement> com.matrixx.rsgateway.custom.VisibleServices svc =
						(com.matrixx.rsgateway.custom.VisibleServices)
						m_appContext.getBean("VisibleServices"); svc.reverseNonReturnFee(reqMsg,
						rspMsg);
					</callout_statement>
                </code_generation>
            </service>
        </path>
	
		<!-- Service API REST operations. -->
		<path url='/visible/1/purchase_service'>
            <service id='POST'>
                <name>purchase_service</name>
                <description>This method is used to purchase a service for a subscriber. The
                    VisibleRequestPurchaseService XML document should be PUT to the server. 
                </description>	
                <request>VisibleRequestPurchaseService</request>
                <response>VisibleResponsePurchaseService</response>
                <code_generation>
                    <mapping>readData</mapping>
                    <mapping>attachVersion 1</mapping>
                    <patch>route = setRoute(route)</patch>
					<callout_statement> com.matrixx.rsgateway.custom.VisibleServices svc =
						(com.matrixx.rsgateway.custom.VisibleServices)
						m_appContext.getBean("VisibleServices"); svc.purchaseService(reqMsg, rspMsg);
					</callout_statement>
                </code_generation>
            </service>
        </path>		

		<path url='/visible/2/refund_service'>
            <service id='POST'>
                <name>refund_service_V2</name>
                <description>This method is used to refund service charge for a subscriber. 
                It also provides option to cancel service. </description>
                <request>VisibleRequestRefundService</request>
                <response>VisibleResponseRefundService</response>
                <code_generation>
                    <mapping>readData</mapping>
                    <mapping>attachVersion 1</mapping>
                    <patch>route = setRoute(route)</patch>
					<callout_statement> com.matrixx.rsgateway.custom.VisibleServices svc =
						(com.matrixx.rsgateway.custom.VisibleServices)
						m_appContext.getBean("VisibleServices"); svc.refundServiceV2(reqMsg, rspMsg);
					</callout_statement>
                </code_generation>
            </service>
        </path>

		<path url='/visible/3/refund_service'>
            <service id='POST'>
                <name>refund_service_V3</name>
                <description>This method is used to refund service charge for a subscriber. </description>
                <request>VisibleRequestRefundService</request>
                <response>VisibleResponseRefundService</response>
                <code_generation>
                    <mapping>readData</mapping>
                    <mapping>attachVersion 1</mapping>
                    <patch>route = setRoute(route)</patch>
					<callout_statement> com.matrixx.rsgateway.custom.VisibleServices svc =
						(com.matrixx.rsgateway.custom.VisibleServices)
						m_appContext.getBean("VisibleServices"); svc.refundServiceV3(reqMsg, rspMsg);
					</callout_statement>
                </code_generation>
            </service>
        </path>

		<path url='/visible/1/purchase_multi_service'>
            <service id='POST'>
                <name>purchase_multi_service</name>
                <description>This method is used to purchase a multiple service for a subscriber in a single transaction (Matrixx MultiRequest).
                </description>
                <request>VisibleMultiRequestPurchaseService</request>
                <response>VisibleMultiResponsePurchaseService</response>
                <code_generation>
                    <mapping>readData</mapping>
                    <mapping>attachVersion 1</mapping>
                    <patch>route = setRoute(route)</patch>
					<callout_statement> com.matrixx.rsgateway.custom.VisibleServices svc =
						(com.matrixx.rsgateway.custom.VisibleServices)
						m_appContext.getBean("VisibleServices"); svc.purchaseMultiService(reqMsg, rspMsg);
					</callout_statement>
                </code_generation>
            </service>
        </path>
				
		<path url='/visible/1/change_service'>
            <service id='POST'>
                <name>change_service</name>
                <description>This method is used to get advice for change of offer to a subscription
                    for a subscriber.
                </description>
                <request>VisibleRequestChangeService</request>
                <response>VisibleResponseChangeService</response>
                <code_generation>
					<mapping>readData</mapping>
					<mapping>attachVersion 1</mapping>
					<patch>route = setRoute(route)</patch>
					<callout_statement> com.matrixx.rsgateway.custom.VisibleServices svc =
						(com.matrixx.rsgateway.custom.VisibleServices)
						m_appContext.getBean("VisibleServices"); svc.changeService(reqMsg, rspMsg);
					</callout_statement>
                </code_generation>
            </service>
        </path>
        
		<!-- Payment / Quote Advice API REST operations. -->
		<path url='/visible/1/payment_advice'>
            <service id='GET'>
                <name>payment_advice</name>
                <description>This method is used to get advice of payments for reccurring charges
                    for a subscriber.
                </description>
                <request>VisibleRequestPaymentAdviceService</request>
                <response>VisibleResponsePaymentAdviceService</response>
			    <parameters>
					<RequestParameterArray>
                        <request_param>
							<description>Subscriber external Id</description>
							<name>subscriberExternalId</name>
							<type>String</type>
							<use>required</use>
                        </request_param>
						<request_param>
							<description>Y|N for tax details. Optional, default is N</description>
							<name>includeTaxDetails</name>
							<type>String</type>
							<use>optional</use>
                        </request_param>
						<request_param>
							<description>TaxGeoCode</description>
							<name>taxGeoCode</name>
							<type>String</type>
							<use>optional</use>
                        </request_param>
                    </RequestParameterArray>
                </parameters>
                <code_generation>
					<mapping>attachVersion 1</mapping>
					<mapping>checkRequestParameter "String", "subscriberExternalId", "SubscriberExternalId"</mapping>
					<mapping>checkRequestParameter "String", "includeTaxDetails", "IncludeTaxDetails"</mapping>
					<mapping>checkRequestParameter "String", "requestType", "RequestType"</mapping>		
					<mapping>checkRequestParameter "String", "taxGeoCode", "TaxGeoCode"</mapping>
					<callout_statement> com.matrixx.rsgateway.custom.VisibleServices svc =
						(com.matrixx.rsgateway.custom.VisibleServices)
						m_appContext.getBean("VisibleServices"); svc.paymentAdvice(reqMsg, rspMsg);
					</callout_statement>
                </code_generation>
            </service>
        </path>
		
		<path url='/visible/1/quote_advice'>
            <service id='POST'>
                <name>quote_advice</name>
                <description>This method is used to get advice of quote for new purchases for a subscriber.
                </description>
                <request>VisibleRequestQuoteAdviceService</request>
                <response>VisibleResponseQuoteAdviceService</response>
                <code_generation>
					<mapping>readData</mapping>
					<mapping>attachVersion 1</mapping>
					<patch>route = setRoute(route)</patch>
					<callout_statement> com.matrixx.rsgateway.custom.VisibleServices svc =
						(com.matrixx.rsgateway.custom.VisibleServices)
						m_appContext.getBean("VisibleServices"); svc.quoteAdvice(reqMsg, rspMsg);
					</callout_statement>
                </code_generation>
            </service>
        </path>

		<path url='/visible/1/change_service_advice'>
            <service id='POST'>
                <name>change_service_advice</name>
                <description>This method is used to get advice for change of offer to a subscription
                    for a subscriber.
                </description>
                <request>VisibleRequestChangeServiceAdvice</request>
                <response>VisibleResponseChangeServiceAdvice</response>
                <code_generation>
					<mapping>readData</mapping>
					<mapping>attachVersion 1</mapping>
					<patch>route = setRoute(route)</patch>
					<callout_statement> com.matrixx.rsgateway.custom.VisibleServices svc =
						(com.matrixx.rsgateway.custom.VisibleServices)
						m_appContext.getBean("VisibleServices"); svc.changeServiceAdvice(reqMsg, rspMsg);
					</callout_statement>
                </code_generation>
            </service>
        </path>

        <!-- Gift Service API REST operations. -->
        <path url='/visible/1/gift_service'>
            <service id='POST'>
                <name>gift_service</name>
                <description>This method is used to provide gift plan to a subscriber by a Gifter.
                </description>
                <request>VisibleRequestGiftService</request>
                <response>VisibleGiftServiceResponse</response>
                <code_generation>
                    <mapping>readData</mapping>
                    <mapping>attachVersion 1</mapping>
                    <patch>route = setRoute(route)</patch>
                    <callout_statement> com.matrixx.rsgateway.custom.VisibleServices svc =
                        (com.matrixx.rsgateway.custom.VisibleServices)
                        m_appContext.getBean("VisibleServices"); svc.giftService(reqMsg, rspMsg);
                    </callout_statement>
                </code_generation>
            </service>
        </path>
		
		<!-- Manual Pay API REST operations. -->
		<path url='/visible/1/manualpay'>
            <service id='POST'>
                <name>manualpay</name>
				<description>manual pay request</description>
                <request>ManualPayRequest</request>
                <response>ManualPayResponse</response>
                <code_generation>
					<mapping>readData</mapping>
					<mapping>attachVersion 1</mapping>
					<patch>route = setRoute(route)</patch>
					<callout_statement> com.matrixx.rsgateway.custom.VisibleServices svc =
						(com.matrixx.rsgateway.custom.VisibleServices)
						m_appContext.getBean("VisibleServices"); svc.manualPay(reqMsg, rspMsg);
					</callout_statement>
                </code_generation>
            </service>
        </path>			

		<!-- Visible Recharge API REST operations. -->
		<path url='/visible/1/visible_recharge'>
            <service id='POST'>
                <name>VisibleRecharge</name>
				<description>visible recharge request</description>
                <request>VisibleRequestRecharge</request>
                <response>VisibleResponseRecharge</response>
                <code_generation>
					<mapping>readData</mapping>
					<mapping>attachVersion 1</mapping>
					<patch>route = setRoute(route)</patch>
					<callout_statement> com.matrixx.rsgateway.custom.VisibleServices svc =
						(com.matrixx.rsgateway.custom.VisibleServices)
						m_appContext.getBean("VisibleServices"); svc.visibleRecharge(reqMsg, rspMsg);
					</callout_statement>
                </code_generation>
            </service>
        </path>
 		
		<!-- Autopay API REST operations. -->		 
		<path url='/visible/1/autopay'>
            <service id='POST'>
                <name>autopay</name>
                <description>Autopay for subscriber to be able to keep enough funds for renewal.
                </description>
                <request>VisibleRequestAutoPay</request>
                <response>VisibleResponseAutoPay</response>
			    <parameters>
					<RequestParameterArray>
                        <request_param>
							<description>Subscription external Id</description>
							<name>subscriptionExternalId</name>
							<type>String</type>
							<use>optional</use>
                        </request_param>
                        <request_param>
							<description>Subscription object Id</description>
							<name>subscriptionObjectId</name>
							<type>String</type>
							<use>optional</use>
                        </request_param>
                        <request_param>
							<description>TestRun Y|N</description>
							<name>testRun</name>
							<type>String</type>
							<use>optional</use>
                        </request_param>
                    </RequestParameterArray>
                </parameters>
                <code_generation>
					<mapping>attachVersion 1</mapping>
					<mapping>checkRequestParameter "String", "subscriptionExternalId", "SubscriptionExternalId"</mapping>
					<mapping>checkRequestParameter "String", "subscriptionObjectId", "SubscriptionObjectId"</mapping>
					<mapping>checkRequestParameter "String", "testRun", "TestRun"</mapping>
					<callout_statement> com.matrixx.rsgateway.custom.VisibleServices svc =
						(com.matrixx.rsgateway.custom.VisibleServices)
						m_appContext.getBean("VisibleServices"); svc.autoPay(reqMsg, rspMsg);
					</callout_statement>
                </code_generation>
            </service>
        </path>

	    <!-- SAC API REST operations. -->
		<path url='/sac/pmt/subscriber/{objectId}/method/{customerId}/{nonce}'>
            <service id='PUT'>
                <name>sacput</name>
                <description>SAC Notification request for PUT</description>
                <request>SacRequest</request>
                <response>SacResponse</response>
                <parameters>
					<UrlParameterArray>
						<url_param>
							<description>The object id of the subscriber.</description>
							<name>objectId</name>
							<type>String</type>
						</url_param>
						<url_param>
							<description>The customer id of the subscriber.</description>
							<name>customerId</name>
							<type>String</type>
						</url_param>
						<url_param>
							<description>The nonce of the subscriber.</description>
							<name>nonce</name>
							<type>String</type>
						</url_param>
					</UrlParameterArray>
				</parameters>
				<code_generation>
					<callout_statement> com.matrixx.rsgateway.custom.VisibleServices svc =
						(com.matrixx.rsgateway.custom.VisibleServices)
						m_appContext.getBean("VisibleServices"); svc.sacAddPayment(rspMsg, objectId,
						customerId, nonce);
					</callout_statement>
                </code_generation>
            </service>
        </path>
		
		<path url='/sac/subscriber/{objectId}/payment_method/{resourceId}'>
            <service id='DELETE'>
                <name>sacDeletePaymentOnResourceId</name>
                <description>SAC Notification request for DELETE on resource id</description>
                <request>SacRequest</request>
                <response>SacResponse</response>
                <parameters>
					<UrlParameterArray>
						<url_param>
							<description>The object id of the subscriber.</description>
							<name>objectId</name>
							<type>String</type>
						</url_param>
						<url_param>
							<description>The payment resource id.</description>
							<name>resourceId</name>
							<type>long</type>
						</url_param>
					</UrlParameterArray>
				</parameters>
				<code_generation>
					<callout_statement> com.matrixx.rsgateway.custom.VisibleServices svc =
						(com.matrixx.rsgateway.custom.VisibleServices)
						m_appContext.getBean("VisibleServices");
						svc.sacDeletePaymentOnResourceId(rspMsg, objectId, resourceId);
					</callout_statement>
                </code_generation>
            </service>
        </path>
		
		<path url='/sac/modify'>
            <service id='POST'>
                <name>sacmodify</name>
                <description>sac modify payment preference</description>
                <request>SacModifyRequest</request>
                <response>SacModifyResponse</response>
                <code_generation>
					<mapping>readData</mapping>
					<mapping>attachVersion 1</mapping>
					<patch>route = setRoute(route)</patch>
					<callout_statement> com.matrixx.rsgateway.custom.VisibleServices svc =
						(com.matrixx.rsgateway.custom.VisibleServices)
						m_appContext.getBean("VisibleServices"); svc.sacModifyPayment(reqMsg, rspMsg);
					</callout_statement>
                </code_generation>
            </service>
        </path>

		<path url='/sac/pmt/subscriber/{objectId}/current/{resourceId}'>
            <service id='PUT'>
                <name>saccurrentpayment</name>
                <description>SAC Notification request for CURRENT</description>
                <request>SacRequest</request>
                <response>SacResponse</response>
                <parameters>
					<UrlParameterArray>
						<url_param>
							<description>The object id of the subscriber.</description>
							<name>objectId</name>
							<type>String</type>
						</url_param>
						<url_param>
							<description>The resourceId of the subscriber.</description>
							<name>resourceId</name>
							<type>long</type>
						</url_param>
					</UrlParameterArray>
				</parameters>
				<code_generation>
					<callout_statement> com.matrixx.rsgateway.custom.VisibleServices svc =
						(com.matrixx.rsgateway.custom.VisibleServices)
						m_appContext.getBean("VisibleServices"); svc.sacCurrentPayment(rspMsg, objectId,
						resourceId);
					</callout_statement>
                </code_generation>
            </service>
        </path>
		
		<path url='/visible/1/sac_set_up_payment'>
            <service id='POST'>
                <name>sac_set_up_payment</name>
                <description>SAC composite request for add , default payment and generate token</description>
                <request>VisibleRequestSacSetUpPayment</request>
                <response>VisibleResponseSacSetUpPayment</response>
                <code_generation>
					<mapping>readData</mapping>
					<mapping>attachVersion 1</mapping>
					<patch>route = setRoute(route)</patch>
					<callout_statement> com.matrixx.rsgateway.custom.VisibleServices svc =
						(com.matrixx.rsgateway.custom.VisibleServices)
						m_appContext.getBean("VisibleServices"); svc.sacSetUpPayment(reqMsg, rspMsg);
					</callout_statement>
                </code_generation>
            </service>
        </path>
		<path url='/visible/1/sac_link_ca'>
            <service id='POST'>
                <name>sac_link_ca</name>
                <description>Api to link two connected accounts (of same group) as Beneficiary#Payer</description>
                <request>VisibleRequestCaLink</request>
                <response>VisibleResponseCaLink</response>
                <code_generation>
					<mapping>readData</mapping>
					<mapping>attachVersion 1</mapping>
					<patch>route = setRoute(route)</patch>
					<callout_statement> com.matrixx.rsgateway.custom.VisibleServices svc =
						(com.matrixx.rsgateway.custom.VisibleServices)
						m_appContext.getBean("VisibleServices"); svc.sacLinkCa(reqMsg, rspMsg);
					</callout_statement>
                </code_generation>
            </service>
        </path>
		<path url='/visible/1/sac_unlink_ca'>
            <service id='DELETE'>
                <name>sac_unlink_ca</name>
                <description>Api to unlink two connected accounts (of a beneficiary)</description>
                <request>VisibleRequestCaUnlink</request>
                <response>VisibleResponseCaUnlink</response>
                <code_generation>
					<mapping>readData</mapping>
					<mapping>attachVersion 1</mapping>
					<patch>route = setRoute(route)</patch>
					<callout_statement> com.matrixx.rsgateway.custom.VisibleServices svc =
						(com.matrixx.rsgateway.custom.VisibleServices)
						m_appContext.getBean("VisibleServices"); svc.sacUnlinkCa(reqMsg, rspMsg);
					</callout_statement>
                </code_generation>
            </service>
        </path>	
		<!-- Misc. REST operations. -->
		<path url='/visible/1/visible_multirequest'>
            <service id='POST'>
                <name>visible_multirequest</name>
                <description>This method is used to execute multiple requests in a single call.
                </description>
                <request>VisibleMultiRequest</request>
                <response>VisibleResponseMulti</response>
                <code_generation>
					<mapping>readData</mapping>
					<mapping>attachVersion 1</mapping>
					<patch>route = setRoute(route)</patch>
					<callout_statement> com.matrixx.rsgateway.custom.VisibleServices svc =
						(com.matrixx.rsgateway.custom.VisibleServices)
						m_appContext.getBean("VisibleServices"); svc.executeVisibleMultiRequest(reqMsg,
						rspMsg);
					</callout_statement>
                </code_generation>
            </service>
        </path>
		
		</path_array>
</MtxRestServices>
